Is this a RT?;Has it been RT?;is it  a reply?;#ofRT;#ofWords;#ofChars;#ofwhiteSpaces;#ofHastags;#ofAts;#ofLower;#ofUpper;LABEL
NO;NO;YES;0;18;127;17;2;2;86;11;NR
YES;NO;NO;0;16;142;15;3;1;91;18;NR
NO;NO;NO;0;11;94;10;2;2;72;6;NR
NO;NO;NO;0;16;129;15;1;0;75;8;NR
YES;NO;NO;0;10;94;9;1;1;61;11;R
NO;NO;NO;0;19;138;18;2;1;95;10;R
NO;NO;NO;0;11;100;10;1;0;66;9;R
YES;NO;NO;0;18;142;17;4;1;94;13;NR
NO;NO;NO;0;16;90;15;2;1;62;5;R
NO;NO;NO;0;10;115;9;2;0;71;17;NR
YES;NO;NO;0;16;142;15;5;1;81;14;NR
YES;NO;NO;0;20;135;19;5;1;67;29;NR
NO;YES;NO;1;16;127;15;4;0;90;9;NR
NO;NO;NO;0;11;78;10;1;0;55;5;R
YES;NO;NO;0;20;135;19;5;1;67;29;NR
NO;YES;NO;2;18;115;17;5;0;57;24;NR
NO;YES;NO;1;14;131;13;3;0;90;15;NR
NO;NO;NO;0;15;102;14;1;0;78;4;R
YES;NO;NO;0;10;94;9;1;1;61;11;R
YES;NO;NO;0;10;94;9;1;1;61;11;R
YES;NO;NO;0;17;142;16;4;2;89;9;NR
YES;NO;NO;0;10;94;9;1;1;61;11;R
NO;YES;NO;1;15;135;14;4;1;86;9;NR
YES;NO;NO;0;20;142;19;1;2;91;14;R
NO;YES;NO;1;18;132;17;1;1;91;10;R
YES;NO;NO;0;10;94;9;1;1;61;11;R
YES;NO;NO;0;10;94;9;1;1;61;11;R
YES;NO;NO;0;17;121;16;1;2;77;16;R
YES;NO;NO;0;10;94;9;1;1;61;11;R
NO;NO;NO;0;11;99;12;2;1;57;19;R
YES;NO;NO;0;10;94;9;1;1;61;11;R
YES;NO;NO;0;10;94;9;1;1;61;11;R
NO;NO;NO;0;15;125;14;4;0;87;9;R
YES;NO;NO;0;20;142;19;2;1;97;11;NR
YES;NO;NO;0;16;142;15;3;1;91;18;NR
YES;NO;NO;0;10;94;9;1;1;61;11;R
YES;NO;NO;0;17;124;16;1;2;74;20;NR
NO;NO;NO;0;17;136;16;2;0;91;12;R
NO;NO;NO;0;15;133;20;7;0;90;10;R
YES;NO;NO;0;10;94;9;1;1;61;11;R
NO;NO;NO;0;15;140;15;5;2;93;16;R
NO;NO;NO;0;15;130;14;2;0;91;11;NR
NO;NO;NO;0;20;136;21;5;1;97;5;R
YES;NO;NO;0;10;94;9;1;1;61;11;R
YES;NO;NO;0;14;128;13;2;2;76;19;NR
YES;NO;NO;0;19;142;18;1;1;107;6;R
NO;NO;NO;0;22;122;21;1;0;87;3;R
NO;NO;NO;0;15;103;14;2;0;59;18;R
YES;NO;NO;0;17;121;16;1;2;77;16;R
YES;NO;NO;0;21;142;20;1;1;102;7;NR
NO;NO;NO;0;12;123;11;2;3;81;20;NR
YES;NO;NO;0;16;142;15;2;2;93;15;NR
NO;NO;NO;0;8;75;7;3;0;45;10;NR
YES;NO;NO;0;21;142;20;1;1;102;7;NR
YES;NO;NO;0;21;142;20;1;1;102;7;NR
YES;NO;NO;0;16;118;15;1;1;70;24;NR
YES;NO;NO;0;10;94;9;1;1;61;11;R
YES;NO;NO;0;10;94;9;1;1;61;11;R
NO;NO;NO;0;22;125;21;1;1;82;11;R
YES;NO;NO;0;10;94;9;1;1;61;11;R
NO;NO;NO;0;15;127;14;2;1;96;7;NR
YES;NO;NO;0;10;94;9;1;1;61;11;R
NO;NO;NO;0;15;138;14;2;0;73;30;NR
YES;NO;NO;0;10;94;9;1;1;61;11;R
YES;NO;NO;0;10;94;9;1;1;61;11;R
YES;NO;NO;0;10;94;9;1;1;61;11;R
YES;NO;NO;0;10;94;9;1;1;61;11;R
YES;NO;NO;0;18;142;17;2;2;103;9;R
YES;NO;NO;0;10;94;9;1;1;61;11;R
YES;NO;NO;0;10;94;9;1;1;61;11;R
YES;NO;NO;0;10;94;9;1;1;61;11;R
YES;NO;NO;0;10;94;9;1;1;61;11;R
YES;NO;NO;0;10;94;9;1;1;61;11;R
YES;NO;NO;0;10;94;9;1;1;61;11;R
YES;NO;NO;0;10;94;9;1;1;61;11;R
YES;NO;NO;0;16;142;15;4;1;91;18;NR
YES;NO;NO;0;18;146;17;1;2;95;14;NR
YES;NO;NO;0;10;94;9;1;1;61;11;R
NO;NO;NO;0;15;139;14;2;0;93;21;NR
NO;NO;NO;0;14;125;13;2;1;83;17;NR
YES;NO;NO;0;17;121;16;1;2;77;16;R
NO;NO;NO;0;19;111;18;1;0;85;7;R
NO;NO;YES;0;11;72;10;1;1;51;8;R
NO;NO;NO;0;22;132;21;1;1;88;6;NR
NO;NO;NO;0;10;81;9;2;0;67;0;R
YES;NO;NO;0;18;136;19;1;2;84;15;R
NO;YES;NO;1;16;121;17;1;1;75;13;R
NO;NO;NO;0;14;139;13;1;1;89;21;R
NO;NO;NO;0;11;129;11;2;1;85;16;NR
YES;NO;NO;0;10;94;9;1;1;61;11;R
NO;NO;NO;0;14;139;13;1;1;89;15;R
YES;NO;NO;0;18;142;17;2;2;103;9;R
NO;NO;NO;0;15;124;14;2;1;93;9;R
NO;NO;YES;0;16;134;15;2;4;98;12;R
NO;NO;NO;0;15;136;14;2;0;94;14;R
NO;NO;NO;0;15;138;14;2;0;86;21;R
NO;NO;NO;0;15;136;14;2;0;96;11;R
NO;NO;NO;0;17;136;16;2;0;91;15;R
YES;NO;NO;0;14;118;13;1;1;66;22;R
NO;NO;NO;0;17;128;17;1;1;86;10;R
YES;NO;NO;0;18;146;17;1;2;95;14;NR
YES;NO;NO;0;20;142;19;2;1;97;11;NR
NO;NO;NO;0;16;136;15;1;1;96;11;NR
YES;NO;NO;0;18;146;17;1;2;95;14;NR
NO;NO;NO;0;11;87;10;2;0;56;9;R
YES;NO;NO;0;18;146;17;1;2;95;14;NR
YES;NO;NO;0;10;94;9;1;1;61;11;R
NO;NO;NO;0;12;114;11;2;0;75;11;NR
YES;NO;NO;0;18;146;17;1;2;95;14;NR
YES;NO;NO;0;18;146;17;1;2;95;14;NR
YES;NO;NO;0;18;146;17;1;2;95;14;NR
NO;NO;NO;0;11;89;11;2;0;50;19;NR
YES;NO;NO;0;14;130;13;4;1;71;24;NR
YES;NO;NO;0;18;146;17;1;2;95;14;NR
YES;NO;NO;0;18;146;17;1;2;95;14;NR
YES;NO;NO;0;17;121;16;1;2;77;16;R
YES;NO;NO;0;15;138;22;1;1;80;17;R
YES;NO;NO;0;18;146;17;1;2;95;14;NR
YES;NO;NO;0;18;146;17;1;2;95;14;NR
YES;NO;NO;0;18;146;17;1;2;95;14;NR
YES;NO;NO;0;18;146;17;1;2;95;14;NR
YES;NO;NO;0;18;146;17;1;2;95;14;NR
NO;NO;NO;0;16;141;15;1;0;96;13;NR
NO;YES;NO;15;16;131;15;1;1;89;12;NR
NO;YES;NO;1;15;138;14;2;2;97;12;NR
NO;NO;YES;0;15;111;14;2;1;84;10;R
NO;NO;YES;0;20;130;19;1;2;90;14;R
NO;NO;NO;0;15;136;14;2;0;92;12;NR
NO;NO;NO;0;17;94;16;1;0;73;4;R
NO;NO;NO;0;18;135;18;3;1;81;17;NR
NO;NO;NO;0;15;130;14;2;0;90;11;R
NO;NO;YES;0;23;125;22;1;2;84;13;R
NO;NO;NO;0;9;82;8;1;0;52;15;R
YES;NO;NO;0;10;94;9;1;1;61;11;R
NO;NO;NO;0;13;139;15;3;5;85;25;R
NO;NO;NO;0;18;136;17;2;0;87;17;NR
NO;NO;NO;0;17;136;16;2;0;81;21;NR
NO;NO;NO;0;16;136;15;2;0;94;12;NR
NO;NO;NO;0;17;136;16;2;0;93;14;R
NO;NO;NO;0;16;138;15;2;0;77;28;NR
YES;NO;NO;0;18;142;17;2;2;103;9;R
NO;NO;YES;0;19;134;18;4;1;91;14;R
YES;NO;NO;0;18;142;17;2;2;103;9;R
YES;NO;NO;0;18;142;17;2;2;103;9;R
NO;YES;NO;1;13;127;20;1;0;75;15;R
YES;NO;NO;0;18;142;17;2;2;103;9;R
YES;NO;NO;0;18;142;17;2;2;103;9;R
YES;NO;NO;0;17;121;16;1;2;77;16;R
YES;NO;NO;0;18;142;17;2;2;103;9;R
YES;NO;NO;0;21;142;20;1;1;102;7;NR
NO;NO;NO;0;24;121;23;1;0;82;5;R
YES;NO;NO;0;18;142;17;2;2;103;9;R
NO;YES;NO;9;16;134;15;2;1;99;9;R
NO;NO;NO;0;14;99;13;2;0;66;11;NR
NO;NO;NO;0;14;102;13;2;0;70;10;NR
NO;NO;NO;0;15;112;14;2;0;72;16;NR
YES;NO;NO;0;19;142;18;1;1;107;6;R
YES;NO;NO;0;21;142;20;1;1;102;7;NR
YES;NO;NO;0;17;142;17;3;2;71;29;NR
NO;NO;NO;0;9;85;8;2;0;57;9;NR
NO;NO;YES;0;16;118;15;2;4;75;16;R
YES;NO;NO;0;21;142;20;1;1;102;7;NR
YES;NO;NO;0;21;142;20;1;1;102;7;NR
NO;YES;NO;1;15;140;14;5;0;97;15;NR
NO;NO;NO;0;25;139;24;3;0;101;8;R
NO;NO;NO;0;21;136;20;2;0;90;13;NR
NO;NO;NO;0;14;123;13;1;0;82;12;NR
YES;NO;NO;0;19;142;18;3;3;96;15;R
YES;NO;NO;0;19;142;18;3;3;96;15;R
YES;NO;NO;0;17;121;16;1;2;77;16;R
YES;NO;NO;0;17;121;16;1;2;77;16;R
YES;NO;NO;0;17;121;16;1;2;77;16;R
NO;NO;NO;0;19;138;19;2;2;82;21;R
YES;NO;NO;0;17;121;16;1;2;77;16;R
YES;NO;NO;0;17;121;16;1;2;77;16;R
NO;NO;NO;0;15;129;14;1;1;82;16;NR
YES;NO;NO;0;10;94;9;1;1;61;11;R
NO;NO;NO;0;18;131;17;1;0;92;10;R
NO;NO;NO;0;27;140;26;1;0;100;8;R
NO;NO;NO;0;21;135;20;1;1;87;14;R
NO;NO;NO;0;17;138;17;3;0;95;11;R
YES;NO;NO;0;10;93;9;2;2;55;15;NR
YES;NO;NO;0;20;142;19;3;2;86;20;NR
NO;NO;NO;0;19;138;18;3;0;98;7;R
NO;NO;NO;0;18;137;17;2;0;101;8;R
YES;NO;NO;0;15;142;16;2;5;89;22;NR
NO;NO;NO;0;17;136;16;2;0;99;10;R
NO;NO;NO;0;20;136;19;2;0;89;14;R
NO;NO;NO;0;16;136;15;2;0;86;18;R
NO;NO;NO;0;14;136;13;2;0;93;17;R
NO;NO;NO;0;16;138;15;2;0;90;15;R
NO;NO;NO;0;20;135;19;4;0;92;10;R
NO;NO;NO;0;19;137;18;4;0;96;10;NR
NO;YES;NO;10;15;106;14;1;1;72;10;R
YES;NO;NO;0;21;142;20;1;1;102;7;NR
NO;NO;NO;0;14;122;13;2;0;86;8;R
NO;NO;NO;0;15;109;14;4;1;68;13;NR
NO;NO;NO;0;14;100;13;2;0;69;8;R
NO;NO;NO;0;16;117;15;2;0;79;12;R
NO;NO;NO;0;16;139;15;3;0;99;10;R
YES;NO;NO;0;14;127;15;2;1;70;18;R
NO;NO;NO;0;17;129;16;3;0;88;8;R
NO;YES;NO;1;13;135;14;2;4;86;19;NR
NO;NO;NO;0;14;139;13;4;0;98;9;R
YES;YES;NO;1;15;113;14;1;1;74;13;NR
NO;NO;NO;0;13;133;13;3;0;93;10;R
YES;NO;NO;0;20;142;19;2;1;97;11;NR
NO;NO;NO;0;14;123;13;2;0;79;14;NR
NO;NO;NO;0;12;112;11;2;0;68;13;R
NO;NO;NO;0;13;116;12;1;1;77;13;R
NO;NO;NO;0;7;92;6;2;0;56;13;R
NO;NO;NO;0;18;134;17;2;0;96;9;R
NO;NO;NO;0;16;137;15;1;0;93;13;NR
NO;NO;NO;0;13;96;12;1;1;66;9;R
YES;NO;NO;0;20;142;19;2;1;97;11;NR
NO;NO;NO;0;17;138;16;5;0;96;11;NR
YES;NO;NO;0;17;142;16;1;1;90;16;R
NO;NO;NO;0;14;137;13;5;0;78;15;R
NO;NO;NO;0;15;135;14;1;0;90;15;R
NO;YES;NO;1;15;135;14;1;0;90;15;R
NO;NO;NO;0;15;136;14;2;0;86;23;R
NO;NO;NO;0;16;136;15;2;0;97;11;R
NO;NO;NO;0;18;136;17;2;0;84;20;NR
NO;NO;NO;0;14;136;13;2;0;100;11;R
NO;NO;NO;0;17;138;16;2;0;72;31;NR
NO;NO;YES;0;19;137;18;1;2;94;12;R
YES;NO;NO;0;12;102;11;1;2;63;16;NR
NO;NO;NO;0;13;114;12;6;0;75;10;NR
YES;NO;NO;0;20;142;19;2;1;97;11;NR
YES;NO;NO;0;14;101;13;2;2;72;8;R
YES;NO;NO;0;20;142;19;2;1;97;11;NR
NO;NO;NO;0;8;74;7;2;0;50;6;R
YES;NO;NO;0;14;101;13;2;2;72;8;R
NO;YES;NO;2;12;85;11;2;1;62;6;R
NO;NO;NO;0;16;112;15;2;0;72;16;NR
YES;NO;NO;0;12;102;11;1;2;63;16;NR
YES;NO;NO;0;20;142;19;2;1;97;11;NR
YES;NO;NO;0;20;142;19;2;1;97;11;NR
YES;NO;NO;0;20;142;19;2;1;97;11;NR
YES;NO;NO;0;10;94;9;1;1;61;11;R
NO;YES;NO;2;10;87;9;1;1;54;14;NR
NO;NO;YES;0;19;137;18;3;1;104;6;R
NO;NO;NO;0;14;100;13;1;0;60;18;R
YES;NO;NO;0;20;142;19;2;1;97;11;NR
YES;NO;NO;0;21;142;20;1;1;102;7;NR
YES;NO;NO;0;13;105;12;3;1;52;18;NR
YES;NO;NO;0;10;94;9;1;1;61;11;R
NO;NO;NO;0;17;118;16;3;1;66;21;NR
YES;NO;NO;0;21;142;20;1;1;102;7;NR
YES;NO;NO;0;20;142;19;2;1;97;11;NR
NO;NO;NO;0;15;124;14;6;0;78;18;NR
NO;NO;NO;0;18;139;17;1;1;101;10;R
NO;NO;NO;0;15;122;14;1;1;89;8;NR
NO;NO;NO;0;17;136;16;2;0;96;10;R
NO;NO;NO;0;18;136;17;2;0;80;24;NR
YES;NO;NO;0;20;142;19;2;1;97;11;NR
YES;NO;NO;0;16;120;15;1;2;69;22;R
YES;NO;NO;0;16;120;15;1;2;69;22;R
NO;YES;NO;2;14;102;13;1;1;60;17;R
YES;NO;NO;0;15;142;14;3;2;81;24;NR
YES;NO;NO;0;21;142;20;1;1;102;7;NR
NO;NO;NO;0;19;141;18;2;0;95;14;NR
YES;NO;NO;0;16;118;15;1;1;70;24;NR
NO;NO;NO;0;14;139;13;3;0;102;15;R
NO;NO;NO;0;8;100;8;4;0;67;13;NR
YES;NO;NO;0;10;94;9;1;1;61;11;R
NO;NO;NO;0;16;140;15;3;1;102;8;R
YES;NO;NO;0;18;142;17;1;2;76;23;R
NO;NO;NO;0;11;136;10;6;0;82;21;NR
NO;YES;NO;1;16;138;15;1;1;75;26;R
YES;NO;NO;0;18;143;17;2;1;105;11;R
NO;YES;NO;1;16;136;15;2;0;99;11;R
NO;NO;NO;0;13;88;13;3;0;49;14;R
NO;NO;NO;0;20;135;19;2;1;83;17;NR
NO;NO;NO;0;13;115;12;2;0;70;17;R
YES;NO;NO;0;20;142;19;2;1;97;11;NR
NO;NO;NO;0;16;111;16;1;1;64;16;R
YES;NO;NO;0;20;142;19;2;1;97;11;NR
YES;NO;NO;0;20;142;19;2;1;97;11;NR
NO;NO;NO;0;21;139;20;2;1;79;20;NR
YES;NO;NO;0;16;118;15;1;1;70;24;NR
YES;NO;NO;0;16;119;16;3;2;64;23;NR
NO;NO;NO;0;9;83;8;1;0;56;10;NR
YES;NO;NO;0;12;114;11;3;1;75;12;NR
YES;NO;NO;0;12;114;11;3;1;75;12;NR
NO;YES;NO;2;10;95;9;3;0;67;5;NR
YES;NO;NO;0;10;94;9;1;1;61;11;R
YES;NO;NO;0;10;94;9;1;1;61;11;R
YES;NO;NO;0;17;142;16;1;2;89;15;NR
YES;NO;NO;0;16;118;15;1;1;70;24;NR
YES;NO;NO;0;16;118;15;1;1;70;24;NR
NO;NO;NO;0;3;48;2;1;0;32;6;NR
NO;NO;NO;0;6;35;6;1;0;24;4;R
NO;NO;NO;0;18;136;17;2;0;86;20;NR
NO;NO;NO;0;17;136;16;2;0;91;17;R
NO;NO;NO;0;18;136;17;2;0;89;17;NR
NO;NO;NO;0;17;136;16;2;0;96;11;R
YES;NO;NO;0;16;118;15;1;1;70;24;NR
YES;NO;NO;0;16;118;15;1;1;70;24;NR
YES;NO;NO;0;10;94;9;1;1;61;11;R
YES;NO;NO;0;10;94;9;1;1;61;11;R
NO;YES;NO;7;14;108;13;1;0;70;18;NR
NO;NO;NO;0;9;97;8;2;0;55;16;NR
NO;NO;NO;0;11;108;10;2;0;73;6;NR
NO;NO;NO;0;14;98;13;1;0;63;7;R
NO;NO;NO;0;20;131;19;1;0;96;5;NR
YES;NO;NO;0;10;94;9;1;1;61;11;R
NO;NO;NO;0;10;101;9;4;0;67;13;R
YES;NO;NO;0;10;94;9;1;1;61;11;R
NO;NO;NO;0;12;118;12;3;0;76;16;R
NO;NO;NO;0;15;113;16;3;0;73;10;R
YES;NO;NO;0;14;142;13;1;6;84;26;NR
NO;NO;NO;0;16;117;16;3;0;75;9;R
NO;NO;NO;0;15;107;16;3;0;67;11;R
NO;NO;NO;0;13;97;14;3;0;65;5;R
NO;NO;NO;0;16;112;17;3;0;63;15;R
NO;NO;NO;0;12;101;13;3;0;59;10;R
YES;NO;NO;0;10;94;9;1;1;61;11;R
YES;NO;NO;0;23;140;22;1;1;103;8;R
YES;NO;NO;0;23;140;22;1;1;103;8;R
YES;NO;NO;0;23;140;22;1;1;103;8;R
YES;NO;NO;0;11;93;10;1;1;57;12;NR
NO;NO;NO;0;15;140;14;3;0;95;10;NR
YES;NO;NO;0;10;94;9;1;1;61;11;R
YES;NO;NO;0;21;142;20;1;1;102;7;NR
YES;NO;NO;0;10;94;9;1;1;61;11;R
YES;NO;NO;0;16;142;18;2;2;82;24;NR
YES;NO;NO;0;10;94;9;1;1;61;11;R
NO;NO;NO;0;16;134;15;4;0;97;8;R
NO;NO;NO;0;13;127;12;4;1;87;16;NR
YES;NO;NO;0;10;94;9;1;1;61;11;R
NO;NO;NO;0;16;139;15;2;0;97;12;NR
NO;NO;NO;0;9;89;10;2;0;59;10;R
YES;NO;NO;0;10;94;9;1;1;61;11;R
NO;NO;NO;0;13;110;16;3;0;61;19;R
YES;NO;NO;0;10;94;9;1;1;61;11;R
YES;NO;NO;0;10;94;9;1;1;61;11;R
YES;NO;NO;0;10;94;9;1;1;61;11;R
YES;NO;NO;0;21;142;20;1;1;102;7;NR
NO;NO;NO;0;12;94;11;2;0;60;10;R
NO;NO;NO;0;19;132;18;2;0;94;9;R
NO;NO;NO;0;10;79;9;2;0;51;9;NR
YES;NO;NO;0;10;94;9;1;1;61;11;R
YES;NO;NO;0;10;94;9;1;1;61;11;R
YES;NO;NO;0;10;94;9;1;1;61;11;R
YES;NO;NO;0;10;94;9;1;1;61;11;R
NO;NO;NO;0;16;108;15;1;1;63;16;NR
YES;NO;NO;0;10;94;9;1;1;61;11;R
YES;NO;NO;0;10;94;9;1;1;61;11;R
YES;NO;NO;0;10;94;9;1;1;61;11;R
YES;NO;NO;0;10;94;9;1;1;61;11;R
YES;NO;NO;0;10;94;9;1;1;61;11;R
YES;NO;NO;0;10;94;9;1;1;61;11;R
YES;NO;NO;0;10;94;9;1;1;61;11;R
YES;NO;NO;0;10;94;9;1;1;61;11;R
YES;NO;NO;0;10;94;9;1;1;61;11;R
YES;NO;NO;0;10;94;9;1;1;61;11;R
YES;NO;NO;0;10;94;9;1;1;61;11;R
YES;NO;NO;0;10;94;9;1;1;61;11;R
YES;NO;NO;0;10;94;9;1;1;61;11;R
YES;NO;NO;0;10;94;9;1;1;61;11;R
YES;NO;NO;0;10;94;9;1;1;61;11;R
YES;NO;NO;0;10;94;9;1;1;61;11;R
YES;NO;NO;0;10;94;9;1;1;61;11;R
YES;NO;NO;0;10;94;9;1;1;61;11;R
YES;NO;NO;0;10;94;9;1;1;61;11;R
YES;NO;NO;0;10;94;9;1;1;61;11;R
YES;NO;NO;0;10;94;9;1;1;61;11;R
YES;NO;NO;0;10;94;9;1;1;61;11;R
YES;NO;NO;0;10;94;9;1;1;61;11;R
YES;NO;NO;0;10;94;9;1;1;61;11;R
YES;NO;NO;0;10;94;9;1;1;61;11;R
YES;NO;NO;0;10;94;9;1;1;61;11;R
YES;NO;NO;0;10;94;9;1;1;61;11;R
YES;NO;NO;0;10;94;9;1;1;61;11;R
YES;NO;NO;0;10;94;9;1;1;61;11;R
YES;NO;NO;0;10;94;9;1;1;61;11;R
YES;NO;NO;0;16;119;16;3;2;64;23;R
YES;NO;NO;0;10;94;9;1;1;61;11;R
YES;NO;NO;0;10;94;9;1;1;61;11;R
YES;NO;NO;0;10;94;9;1;1;61;11;R
YES;NO;NO;0;10;94;9;1;1;61;11;R
YES;NO;NO;0;10;94;9;1;1;61;11;R
YES;NO;NO;0;10;94;9;1;1;61;11;R
NO;NO;NO;0;18;134;17;6;0;88;15;NR
YES;NO;NO;0;16;142;15;5;1;81;14;R
NO;NO;NO;0;10;93;9;4;0;58;13;NR
NO;NO;NO;0;14;108;13;2;0;68;19;NR
NO;NO;NO;0;7;68;6;2;0;43;11;NR
NO;NO;YES;0;10;99;9;2;3;74;9;R
NO;NO;NO;0;17;136;16;2;0;85;22;NR
NO;NO;NO;0;16;136;15;2;0;88;18;R
NO;NO;NO;0;15;136;14;2;0;92;13;NR
NO;NO;NO;0;19;136;18;2;0;77;26;NR
YES;NO;NO;0;18;142;17;1;1;96;13;NR
NO;NO;NO;0;20;136;19;1;1;96;10;NR
YES;NO;NO;0;25;142;25;2;1;97;10;R
NO;NO;NO;0;12;128;11;6;2;84;13;R
NO;NO;NO;0;14;104;14;3;1;56;22;R
NO;NO;NO;0;20;132;19;1;0;93;10;NR
NO;NO;NO;0;17;119;16;2;0;92;6;R
YES;NO;NO;0;21;142;20;1;1;102;7;NR
YES;NO;NO;0;16;142;18;2;2;82;24;NR
YES;NO;NO;0;12;119;12;3;1;79;14;R
YES;NO;NO;0;15;142;15;3;2;97;14;NR
NO;NO;NO;0;19;138;18;3;1;107;7;R
NO;NO;NO;0;13;106;12;1;0;72;14;NR
YES;NO;NO;0;21;142;20;1;1;102;7;NR
NO;YES;NO;16;19;135;18;1;0;98;10;NR
NO;YES;NO;2;14;129;16;2;1;78;21;NR
YES;NO;NO;0;16;123;16;3;2;64;24;R
YES;NO;NO;0;20;142;19;1;2;67;27;R
NO;NO;NO;0;19;140;18;3;0;99;12;R
NO;NO;NO;0;20;138;19;2;0;106;8;R
NO;NO;NO;0;13;107;13;4;0;70;11;NR
YES;NO;NO;0;19;142;19;3;2;95;10;R
NO;YES;NO;1;17;128;17;3;1;92;6;R
YES;NO;NO;0;10;94;9;1;1;61;11;R
YES;NO;NO;0;16;142;15;1;1;86;19;NR
NO;YES;YES;1;22;140;21;1;1;63;31;R
NO;YES;NO;1;14;106;14;3;1;59;20;R
YES;NO;NO;0;10;94;9;1;1;61;11;R
NO;NO;NO;0;12;132;11;2;3;80;21;NR
NO;NO;NO;0;16;127;15;2;0;87;16;R
NO;NO;NO;0;10;67;9;1;0;47;7;R
YES;NO;NO;0;21;142;20;2;2;92;14;R
NO;NO;NO;0;17;138;16;4;0;94;10;R
YES;NO;NO;0;10;94;9;1;1;61;11;R
YES;NO;NO;0;10;94;9;1;1;61;11;R
NO;YES;NO;1;9;79;8;1;0;52;8;NR
NO;NO;NO;0;14;104;14;3;1;57;21;R
NO;NO;NO;0;20;138;19;3;1;96;12;NR
NO;NO;NO;0;14;107;13;1;0;81;4;R
NO;NO;NO;0;14;106;14;3;1;57;20;R
YES;NO;NO;0;10;94;9;1;1;61;11;R
YES;NO;NO;0;10;94;9;1;1;61;11;R
NO;NO;NO;0;9;81;10;1;0;58;4;NR
YES;NO;NO;0;21;142;20;2;2;92;14;R
YES;NO;NO;0;21;142;20;2;2;92;14;R
NO;NO;NO;0;15;136;14;2;0;99;8;R
NO;NO;NO;0;16;136;15;2;0;87;19;NR
YES;NO;NO;0;14;142;13;4;2;97;15;NR
NO;YES;NO;2;14;104;14;3;1;57;21;R
YES;NO;NO;0;18;142;17;2;1;85;15;NR
YES;NO;NO;0;18;142;17;1;1;96;13;R
NO;NO;NO;0;17;135;16;1;0;87;16;R
YES;NO;NO;0;17;131;18;3;3;73;23;R
YES;NO;NO;0;23;142;22;1;1;101;9;NR
NO;NO;NO;0;17;141;17;3;0;95;13;NR
NO;NO;NO;0;14;126;13;2;0;80;15;NR
NO;NO;NO;0;16;128;15;2;0;86;16;NR
NO;NO;NO;0;16;111;15;1;0;79;7;R
NO;YES;NO;1;14;132;13;1;0;85;15;NR
NO;NO;NO;0;14;135;13;2;0;95;14;NR
NO;NO;NO;0;15;121;14;3;1;81;12;NR
NO;NO;NO;0;14;142;15;1;0;76;22;NR
YES;NO;NO;0;16;124;16;3;2;63;29;R
NO;NO;NO;0;13;122;14;2;0;78;13;R
YES;NO;NO;0;17;142;17;3;2;71;29;R
NO;NO;NO;0;15;119;14;2;0;72;15;R
NO;YES;NO;1;13;135;12;5;1;99;11;NR
NO;NO;NO;0;8;81;7;1;1;48;12;NR
YES;NO;NO;0;10;94;9;1;1;61;11;R
NO;NO;NO;0;15;142;16;1;0;72;23;NR
YES;NO;NO;0;10;94;9;1;1;61;11;R
YES;NO;NO;0;10;94;9;1;1;61;11;R
YES;NO;NO;0;10;93;9;1;0;65;9;R
NO;NO;NO;0;15;136;14;2;0;90;17;NR
NO;NO;NO;0;14;136;13;2;0;100;10;NR
NO;NO;NO;0;16;136;15;2;0;88;19;R
YES;NO;NO;0;10;94;9;1;1;61;11;R
YES;NO;NO;0;10;94;9;1;1;61;11;R
YES;NO;NO;0;10;94;9;1;1;61;11;R
NO;NO;NO;0;9;79;8;1;1;45;17;NR
YES;NO;NO;0;10;94;9;1;1;61;11;R
YES;NO;NO;0;10;94;9;1;1;61;11;R
YES;NO;NO;0;10;94;9;1;1;61;11;R
YES;NO;NO;0;10;94;9;1;1;61;11;R
NO;YES;NO;1;15;118;16;3;2;68;21;R
YES;NO;NO;0;10;94;9;1;1;61;11;R
YES;NO;NO;0;10;94;9;1;1;61;11;R
YES;NO;NO;0;10;94;9;1;1;61;11;R
YES;NO;NO;0;17;142;17;3;2;71;29;R
YES;NO;NO;0;16;122;16;3;2;63;29;R
YES;NO;NO;0;20;142;19;3;2;86;20;NR
YES;NO;NO;0;10;94;9;1;1;61;11;R
NO;NO;NO;0;18;132;17;2;0;89;17;R
NO;NO;NO;0;14;106;14;3;1;56;19;R
NO;NO;NO;0;15;119;15;4;1;67;21;R
YES;NO;NO;0;16;124;16;3;2;63;29;R
NO;YES;NO;3;14;106;14;3;1;57;22;R
YES;NO;NO;0;18;142;17;2;1;85;15;NR
YES;NO;NO;0;10;94;9;1;1;61;11;R
YES;NO;NO;0;17;144;17;3;2;71;29;R
NO;NO;NO;0;11;89;10;2;0;64;5;NR
YES;NO;NO;0;16;121;16;3;2;62;23;R
YES;NO;NO;0;17;144;17;3;2;71;29;R
YES;NO;NO;0;17;142;16;1;2;92;15;NR
NO;NO;NO;0;14;100;13;1;0;60;17;R
NO;NO;NO;0;10;80;9;2;0;51;11;NR
YES;NO;NO;0;16;122;16;3;2;64;22;R
YES;NO;NO;0;17;142;16;1;2;92;15;NR
NO;YES;NO;2;15;135;14;1;1;89;13;NR
YES;NO;NO;0;16;122;16;3;2;64;22;R
YES;NO;NO;0;17;144;17;3;2;71;29;R
NO;NO;NO;0;13;115;13;1;0;72;12;R
YES;NO;NO;0;17;144;17;3;2;71;29;R
NO;YES;NO;7;15;130;15;3;1;67;30;R
YES;NO;NO;0;19;142;18;4;1;96;16;R
YES;NO;NO;0;19;142;18;4;1;96;16;R
NO;YES;NO;1;14;106;14;3;1;58;21;R
NO;NO;NO;0;5;56;5;1;0;36;8;R
YES;NO;NO;0;16;122;16;3;2;64;22;R
NO;YES;NO;3;14;106;14;3;1;57;20;R
NO;NO;NO;0;10;83;9;2;0;46;17;NR
NO;NO;NO;0;10;83;9;2;0;47;18;NR
NO;YES;NO;2;17;137;16;4;0;92;16;R
NO;NO;NO;0;17;129;16;2;0;94;10;NR
NO;NO;NO;0;13;103;12;2;1;67;12;R
NO;NO;NO;0;16;131;15;1;1;88;12;NR
NO;NO;NO;0;12;126;11;2;4;76;19;R
NO;NO;NO;0;16;136;15;2;0;97;10;NR
NO;NO;NO;0;16;136;15;2;0;96;10;R
YES;NO;NO;0;13;125;13;1;1;80;13;NR
NO;NO;NO;0;14;102;13;4;0;56;18;R
NO;NO;NO;0;12;81;12;3;0;56;2;R
YES;NO;NO;0;15;142;14;3;2;82;17;NR
YES;NO;NO;0;15;142;14;3;2;82;17;NR
NO;NO;NO;0;16;114;15;2;0;76;13;NR
YES;NO;NO;0;13;105;12;3;1;52;18;NR
NO;YES;NO;2;13;140;12;3;1;79;19;NR
NO;YES;NO;1;21;138;20;1;0;101;9;NR
YES;NO;NO;0;13;125;13;1;1;80;13;NR
YES;NO;NO;0;13;125;13;1;1;80;13;NR
NO;NO;YES;0;21;127;20;2;1;96;6;R
NO;NO;NO;0;16;117;15;2;0;84;8;R
NO;NO;NO;0;13;122;12;1;0;85;10;NR
YES;NO;NO;0;21;142;20;2;2;94;11;R
YES;NO;NO;0;18;142;17;2;1;88;18;R
YES;NO;NO;0;19;142;18;3;1;93;11;R
YES;NO;NO;0;19;142;18;3;1;93;11;R
NO;YES;NO;2;18;131;17;4;0;93;5;R
NO;NO;NO;0;13;137;12;1;0;80;14;NR
YES;NO;NO;0;13;125;13;1;1;80;13;NR
YES;NO;NO;0;13;125;13;1;1;80;13;NR
NO;NO;NO;0;14;122;13;1;0;79;16;R
YES;NO;NO;0;13;125;13;1;1;80;13;NR
NO;YES;NO;6;11;106;11;1;0;67;11;NR
NO;NO;NO;0;20;136;19;2;0;88;16;NR
NO;NO;NO;0;18;136;17;2;0;96;9;R
YES;NO;NO;0;11;97;10;3;1;66;8;NR
YES;NO;NO;0;14;130;13;4;1;71;24;NR
NO;NO;NO;0;15;123;14;2;0;83;14;R
YES;NO;NO;0;14;130;13;4;1;71;24;NR
YES;NO;NO;0;16;142;15;5;1;81;14;R
NO;YES;NO;2;14;137;13;5;0;79;14;R
YES;NO;NO;0;14;130;13;4;1;71;24;NR
NO;YES;NO;4;12;116;11;4;0;66;20;NR
YES;NO;NO;0;25;142;25;2;1;97;10;R
YES;NO;NO;0;22;136;26;1;1;91;10;R
NO;YES;NO;1;20;119;24;1;0;84;7;R
NO;YES;NO;1;9;81;8;3;0;57;5;NR
NO;NO;NO;0;14;86;13;1;0;46;18;R
NO;NO;NO;0;15;120;15;1;1;78;13;NR
YES;NO;NO;0;11;97;10;1;1;63;11;NR
YES;NO;NO;0;16;142;15;1;1;104;10;R
NO;NO;NO;0;11;112;11;1;0;70;11;NR
NO;NO;NO;0;18;139;17;1;1;91;21;NR
NO;NO;NO;0;13;114;12;6;0;79;9;R
NO;NO;YES;0;10;79;9;2;1;57;7;R
YES;NO;NO;0;16;142;15;1;1;104;10;R
YES;NO;NO;0;18;144;17;1;3;95;11;NR
YES;NO;NO;0;16;142;15;1;1;104;10;R
YES;NO;NO;0;18;144;17;1;3;95;11;NR
NO;NO;NO;0;12;115;11;2;0;77;9;NR
YES;NO;NO;0;16;142;15;1;1;104;10;R
YES;NO;NO;0;20;142;19;3;2;92;12;R
YES;NO;NO;0;10;94;9;1;1;61;11;R
NO;YES;NO;1;19;134;18;2;1;87;14;R
NO;NO;NO;0;17;137;16;2;2;85;15;R
NO;YES;NO;2;14;140;13;1;0;101;12;R
NO;NO;NO;0;11;91;11;1;0;62;7;NR
NO;YES;NO;4;14;140;13;1;0;101;13;R
YES;NO;NO;0;14;136;14;3;1;86;18;NR
YES;NO;NO;0;11;97;10;1;1;63;11;NR
YES;NO;NO;0;18;144;17;1;3;95;11;NR
NO;NO;NO;0;16;136;15;2;0;92;17;NR
NO;NO;NO;0;17;136;16;2;0;94;13;NR
NO;YES;NO;1;12;118;12;3;0;76;14;NR
YES;NO;NO;0;17;142;16;1;2;89;15;NR
NO;YES;NO;2;9;79;8;1;0;53;7;NR
YES;NO;NO;0;18;144;17;1;3;95;11;NR
NO;NO;NO;0;15;103;14;2;0;66;12;R
YES;NO;NO;0;18;144;17;1;3;95;11;NR
YES;NO;NO;0;10;94;9;1;1;61;11;R
YES;NO;NO;0;18;144;17;1;3;95;11;NR
YES;NO;NO;0;18;144;17;1;3;95;11;NR
YES;NO;NO;0;18;144;17;1;3;95;11;NR
YES;NO;NO;0;18;144;17;1;3;95;11;NR
YES;NO;NO;0;17;142;16;1;2;89;15;NR
YES;NO;NO;0;18;144;17;1;3;95;11;NR
YES;NO;NO;0;18;144;17;1;3;95;11;NR
YES;NO;NO;0;18;144;17;1;3;95;11;NR
YES;NO;NO;0;18;144;17;1;3;95;11;NR
YES;NO;NO;0;11;116;10;1;1;75;12;R
NO;NO;NO;0;14;108;13;3;0;70;14;NR
NO;NO;NO;0;15;136;14;2;0;94;11;NR
NO;YES;NO;1;18;136;17;2;0;80;21;R
NO;NO;NO;0;16;136;15;2;0;91;17;NR
NO;NO;NO;0;16;136;15;2;0;111;2;R
NO;NO;NO;0;11;84;10;1;0;55;12;R
NO;NO;NO;0;15;114;14;3;1;87;7;R
YES;NO;NO;0;17;142;16;1;2;89;15;NR
NO;NO;NO;0;11;90;10;1;0;61;11;NR
NO;NO;NO;0;9;91;8;1;1;60;14;R
YES;NO;NO;0;10;94;9;1;1;61;11;R
YES;NO;NO;0;16;144;15;1;2;85;20;NR
YES;NO;NO;0;20;142;19;4;1;103;8;R
YES;NO;NO;0;10;94;9;1;1;61;11;R
NO;NO;NO;0;19;136;18;2;0;87;13;NR
NO;NO;NO;0;17;136;16;2;0;95;12;R
YES;NO;NO;0;10;94;9;1;1;61;11;R
YES;NO;NO;0;18;142;17;1;1;96;13;NR
YES;NO;NO;0;20;142;19;3;2;86;20;NR
NO;YES;NO;2;18;133;17;3;3;94;13;R
YES;NO;NO;0;16;137;15;3;2;84;23;NR
YES;NO;NO;0;21;142;20;1;1;104;7;R
NO;NO;NO;0;18;140;17;5;0;98;10;R
NO;YES;NO;1;19;139;18;1;0;101;11;R
YES;NO;NO;0;10;94;9;1;1;61;11;R
YES;NO;NO;0;10;94;9;1;1;61;11;R
NO;NO;NO;0;15;110;14;1;0;63;19;R
NO;NO;NO;0;18;91;18;2;0;63;5;R
NO;NO;NO;0;17;136;16;2;0;86;18;R
NO;NO;NO;0;13;130;12;1;1;85;12;R
YES;NO;NO;0;10;94;9;1;1;61;11;R
NO;NO;NO;0;17;132;16;2;0;76;20;R
NO;NO;NO;0;8;74;8;1;0;51;7;NR
YES;NO;NO;0;13;115;13;3;1;70;21;R
YES;NO;NO;0;10;88;9;1;1;52;16;NR
YES;NO;NO;0;21;142;20;1;2;87;15;NR
NO;NO;NO;0;17;119;17;1;0;78;13;R
YES;NO;NO;0;16;137;15;3;2;84;23;NR
YES;NO;NO;0;10;88;9;1;1;52;16;NR
NO;NO;NO;0;21;129;20;3;0;93;10;R
YES;NO;NO;0;14;99;13;1;1;66;10;R
YES;NO;NO;0;16;137;15;3;2;84;23;NR
YES;NO;NO;0;13;120;12;2;1;72;17;R
NO;YES;NO;1;11;101;10;2;0;62;13;R
YES;NO;NO;0;10;88;9;1;1;52;16;NR
NO;NO;NO;0;11;124;12;2;4;86;14;NR
NO;NO;NO;0;20;138;19;2;0;84;17;R
NO;NO;NO;0;22;140;22;1;0;95;14;NR
NO;YES;NO;3;8;71;7;1;0;45;10;NR
NO;NO;NO;0;18;133;17;4;0;93;10;R
YES;NO;NO;0;19;142;18;1;1;95;14;R
YES;NO;NO;0;16;137;15;3;2;84;23;NR
YES;NO;NO;0;16;137;15;3;2;84;23;NR
YES;NO;NO;0;20;142;19;1;1;103;12;R
YES;NO;NO;0;17;124;17;1;1;82;11;R
NO;NO;NO;0;15;88;14;1;0;62;7;R
YES;NO;NO;0;12;142;11;2;1;95;15;NR
YES;NO;NO;0;19;142;18;1;1;89;18;NR
NO;NO;NO;0;16;116;15;1;2;66;23;R
NO;NO;NO;0;16;139;16;3;0;97;5;NR
NO;YES;NO;1;19;138;18;1;1;81;17;NR
NO;NO;NO;0;15;105;14;2;0;65;17;NR
YES;NO;NO;0;13;105;12;3;1;52;18;NR
YES;NO;NO;0;14;126;14;1;1;72;17;NR
NO;YES;NO;1;18;136;17;2;0;85;20;NR
YES;NO;NO;0;13;122;12;2;1;68;18;NR
YES;NO;NO;0;12;117;13;1;2;79;14;NR
YES;NO;NO;0;16;126;15;1;1;68;25;NR
YES;NO;NO;0;13;122;12;2;1;68;18;NR
YES;NO;NO;0;13;146;12;1;1;83;17;R
YES;NO;NO;0;6;67;5;1;1;41;11;NR
YES;NO;NO;0;20;119;19;2;1;83;13;R
YES;NO;NO;0;17;142;16;1;2;89;15;NR
NO;NO;NO;0;16;138;16;2;4;89;17;NR
NO;NO;NO;0;14;135;13;2;0;93;15;NR
NO;NO;NO;0;20;140;19;2;0;92;19;NR
YES;NO;NO;0;6;67;5;1;1;41;11;NR
NO;NO;NO;0;16;136;15;2;0;95;13;NR
YES;NO;NO;0;11;132;10;5;1;76;24;R
YES;NO;NO;0;17;126;16;2;1;90;16;R
YES;NO;NO;0;20;142;19;1;1;103;12;R
NO;YES;NO;2;19;135;18;2;0;104;8;R
NO;NO;NO;0;23;136;23;2;2;95;13;R
NO;NO;NO;0;12;71;12;2;2;44;10;R
YES;NO;NO;0;6;67;5;1;1;41;11;NR
YES;NO;NO;0;17;142;16;2;1;92;19;R
YES;NO;NO;0;20;119;19;2;1;83;13;R
NO;NO;NO;0;20;131;20;3;2;93;11;R
NO;YES;NO;3;4;48;3;1;0;29;8;NR
YES;NO;NO;0;11;132;10;5;1;76;24;R
NO;NO;NO;0;20;122;20;2;2;87;10;R
NO;NO;NO;0;13;87;13;2;0;58;12;R
YES;NO;NO;0;17;113;17;2;1;79;13;R
YES;NO;NO;0;17;126;16;2;1;89;14;R
YES;NO;NO;0;17;113;17;2;1;79;13;R
YES;NO;NO;0;11;132;10;5;1;76;24;R
YES;NO;NO;0;18;122;18;2;1;85;13;R
YES;NO;NO;0;20;119;19;2;1;83;13;R
YES;NO;NO;0;19;136;18;2;1;97;14;R
YES;NO;NO;0;18;142;17;2;1;102;14;R
NO;YES;NO;3;9;120;8;5;0;70;22;R
NO;YES;NO;1;17;117;16;2;0;89;7;R
NO;YES;NO;2;15;94;15;2;0;71;6;R
NO;YES;NO;1;15;107;14;2;0;81;7;R
YES;NO;NO;0;20;119;19;2;1;83;13;R
NO;NO;NO;0;10;66;9;2;0;43;7;R
NO;YES;NO;1;16;103;16;2;0;77;6;R
YES;NO;NO;0;20;142;19;2;1;99;15;R
NO;YES;NO;1;16;122;15;2;0;96;7;R
NO;YES;NO;4;18;100;17;2;0;75;6;R
NO;NO;NO;0;15;139;14;3;2;102;8;NR
YES;NO;NO;0;20;142;19;2;2;92;21;R
NO;NO;NO;0;14;136;13;2;0;80;29;R
NO;NO;NO;0;6;54;5;1;1;40;7;R
YES;NO;NO;0;22;126;21;2;1;84;15;R
NO;YES;NO;1;18;127;17;2;1;91;14;R
YES;NO;NO;0;17;142;16;1;2;89;15;NR
NO;YES;NO;1;20;107;19;2;0;76;8;R
YES;NO;NO;0;15;142;14;3;1;89;14;NR
YES;NO;NO;0;13;146;12;1;1;83;17;R
YES;NO;NO;0;15;136;14;3;1;81;19;R
YES;NO;NO;0;13;122;12;2;1;68;18;NR
YES;NO;NO;0;10;93;9;2;2;55;15;NR
NO;NO;NO;0;12;85;11;2;0;62;9;R
NO;NO;NO;0;9;58;8;2;0;42;6;R
NO;NO;NO;0;19;140;18;3;0;97;12;R
NO;NO;YES;0;17;130;16;2;3;95;10;R
YES;NO;NO;0;16;142;15;1;2;101;9;R
NO;NO;NO;0;16;107;16;3;1;81;6;R
YES;NO;NO;0;16;126;15;1;1;68;25;NR
NO;YES;NO;1;10;100;11;1;1;68;12;NR
YES;NO;NO;0;20;142;21;2;1;99;9;R
NO;NO;NO;0;17;134;16;2;1;97;12;NR
NO;NO;YES;0;15;98;14;3;0;72;6;R
YES;NO;NO;0;17;142;16;1;2;89;15;NR
NO;NO;YES;0;16;130;15;2;0;80;16;NR
NO;NO;NO;0;14;114;13;2;1;69;21;R
YES;NO;NO;0;16;142;15;1;2;101;9;R
NO;NO;NO;0;22;136;21;2;0;76;25;R
NO;YES;NO;1;18;131;19;2;0;90;11;R
YES;NO;NO;0;10;94;9;1;1;61;11;R
YES;NO;NO;0;16;142;15;1;2;101;9;R
NO;YES;NO;3;14;135;13;1;1;91;12;R
NO;NO;NO;0;14;126;14;4;0;91;8;NR
YES;NO;NO;0;17;142;16;1;2;89;15;NR
YES;NO;NO;0;23;142;22;1;1;103;8;R
YES;NO;NO;0;17;142;16;1;2;89;15;NR
YES;NO;NO;0;16;126;15;1;1;68;25;NR
NO;NO;NO;0;14;111;13;1;1;80;7;R
NO;NO;NO;0;12;113;11;2;1;83;9;R
NO;NO;NO;0;17;122;16;2;2;65;21;NR
YES;NO;NO;0;17;142;16;1;2;89;15;NR
YES;NO;NO;0;17;142;16;1;2;89;15;NR
YES;NO;NO;0;17;142;16;1;2;89;15;NR
YES;NO;NO;0;10;94;9;1;1;61;11;R
YES;NO;NO;0;10;94;9;1;1;61;11;R
YES;NO;NO;0;17;142;16;1;2;89;15;NR
NO;NO;YES;0;15;110;14;2;1;59;19;NR
YES;NO;NO;0;17;142;16;1;2;89;15;NR
YES;NO;NO;0;17;142;16;1;2;89;15;NR
YES;NO;NO;0;17;142;16;1;2;89;15;NR
YES;NO;NO;0;17;142;16;1;2;89;15;NR
YES;NO;NO;0;17;142;16;1;2;89;15;NR
YES;NO;NO;0;17;142;16;1;2;89;15;NR
YES;NO;NO;0;17;142;16;1;2;89;15;NR
YES;NO;NO;0;10;94;9;1;1;61;11;R
YES;NO;NO;0;17;142;16;1;2;89;15;NR
YES;NO;NO;0;10;94;9;1;1;61;11;R
YES;NO;NO;0;17;142;16;1;2;89;15;NR
YES;NO;NO;0;10;94;9;1;1;61;11;R
NO;NO;NO;0;14;100;14;2;0;79;3;R
YES;NO;NO;0;17;142;16;1;2;89;15;NR
NO;NO;NO;0;20;136;19;2;0;82;22;R
YES;NO;NO;0;17;142;16;1;2;89;15;NR
YES;NO;NO;0;17;142;16;1;2;89;15;NR
YES;NO;NO;0;19;142;18;1;1;107;6;R
NO;NO;NO;0;15;134;15;5;1;72;30;R
YES;NO;NO;0;12;86;11;1;1;57;8;NR
YES;NO;NO;0;17;142;16;1;2;89;15;NR
YES;NO;NO;0;19;142;18;1;1;107;6;R
YES;NO;NO;0;17;142;16;1;2;89;15;NR
NO;NO;NO;0;12;123;11;2;3;81;20;NR
YES;NO;NO;0;17;142;16;1;2;89;15;NR
YES;NO;NO;0;17;142;16;1;2;89;15;NR
YES;NO;NO;0;17;142;16;1;2;89;15;NR
YES;NO;NO;0;17;142;16;1;2;89;15;NR
YES;NO;NO;0;20;142;20;5;1;86;18;R
YES;NO;NO;0;17;142;16;1;2;89;15;NR
YES;NO;NO;0;17;142;16;1;2;89;15;NR
YES;NO;NO;0;17;142;16;1;2;89;15;NR
YES;NO;NO;0;17;142;16;1;2;89;15;NR
YES;NO;NO;0;17;142;16;1;2;89;15;NR
NO;YES;NO;36;15;135;14;1;1;89;12;NR
YES;NO;NO;0;16;126;15;1;1;68;25;NR
NO;NO;NO;0;18;136;17;2;0;73;22;NR
NO;NO;NO;0;16;140;15;1;1;86;18;R
NO;NO;NO;0;15;133;17;3;1;91;12;R
NO;NO;NO;0;17;113;16;2;0;69;16;NR
YES;NO;NO;0;16;127;15;1;1;70;21;NR
YES;NO;NO;0;16;127;15;1;1;70;21;NR
YES;NO;NO;0;20;142;19;3;3;98;11;R
YES;NO;NO;0;16;127;15;1;1;70;21;NR
YES;NO;NO;0;16;127;15;1;1;70;21;NR
YES;NO;NO;0;19;142;18;1;1;107;6;R
NO;NO;NO;0;16;132;15;5;0;66;29;R
YES;NO;NO;0;25;142;25;2;1;97;10;R
YES;NO;NO;0;25;142;25;2;1;97;10;R
NO;NO;NO;0;12;134;11;2;4;91;20;R
YES;NO;NO;0;21;131;20;1;1;99;8;R
YES;NO;NO;0;10;94;9;1;1;61;11;R
NO;NO;NO;0;19;140;21;4;0;102;7;R
YES;NO;NO;0;13;152;13;5;2;81;18;R
NO;NO;NO;0;10;93;9;1;0;59;9;R
YES;NO;NO;0;16;142;15;8;2;88;22;R
YES;NO;NO;0;15;113;14;3;1;73;13;R
NO;NO;NO;0;15;112;14;5;0;66;19;R
NO;NO;NO;0;8;77;7;2;0;55;5;NR
YES;NO;NO;0;13;152;13;5;2;81;18;R
NO;YES;NO;4;13;134;12;2;0;80;12;NR
YES;NO;NO;0;13;152;13;5;2;81;18;R
NO;NO;YES;0;12;85;11;2;1;55;5;R
YES;NO;NO;0;15;136;14;1;1;90;15;NR
YES;NO;NO;0;13;152;13;5;2;81;18;R
YES;NO;NO;0;13;152;13;5;2;81;18;R
NO;NO;NO;0;12;112;11;2;0;68;17;R
NO;NO;NO;0;20;139;20;3;5;101;6;R
NO;YES;NO;5;11;149;11;5;1;83;20;R
NO;NO;NO;0;13;125;12;3;0;91;10;R
NO;NO;NO;0;18;136;17;2;0;90;16;NR
NO;NO;NO;0;17;138;16;4;4;100;11;R
NO;NO;NO;0;15;127;14;3;4;100;6;R
NO;NO;NO;0;18;137;17;2;0;100;10;NR
YES;NO;NO;0;17;142;16;1;1;81;20;R
NO;NO;NO;0;8;87;7;1;0;56;6;R
YES;NO;NO;0;16;147;15;3;2;74;28;NR
NO;YES;NO;1;17;138;16;1;0;94;11;R
NO;NO;NO;0;17;138;16;1;0;94;11;R
NO;NO;NO;0;12;126;11;2;4;84;19;R
YES;NO;NO;0;13;146;12;1;1;83;17;R
NO;NO;NO;0;14;136;13;2;0;90;20;NR
NO;NO;NO;0;18;136;17;1;0;93;10;NR
NO;NO;YES;0;25;139;24;2;1;96;9;R
NO;NO;NO;0;16;128;15;2;1;93;11;NR
NO;NO;YES;0;9;78;10;1;2;60;5;NR
NO;NO;NO;0;11;127;10;3;0;76;19;R
NO;NO;NO;0;13;110;12;1;1;77;11;NR
YES;NO;NO;0;11;93;14;1;1;56;13;R
NO;NO;NO;0;6;79;5;2;0;52;7;NR
YES;NO;NO;0;14;119;14;1;1;78;17;NR
NO;NO;NO;0;11;110;10;2;0;64;16;NR
YES;NO;NO;0;22;142;21;2;2;100;11;R
YES;NO;NO;0;22;142;21;2;2;100;11;R
YES;NO;NO;0;17;129;16;1;2;88;13;R
YES;NO;NO;0;22;142;21;2;2;100;11;R
YES;NO;NO;0;22;142;21;2;2;100;11;R
YES;NO;NO;0;17;129;16;1;2;88;13;R
YES;NO;NO;0;17;140;16;3;1;93;16;NR
YES;NO;NO;0;22;142;21;2;2;100;11;R
NO;NO;NO;0;15;125;14;2;0;92;6;NR
YES;NO;NO;0;22;142;21;2;2;100;11;R
NO;NO;NO;0;19;138;18;4;0;92;10;R
NO;YES;NO;11;9;74;12;1;0;45;9;R
NO;NO;NO;0;11;92;11;5;0;57;14;R
NO;NO;NO;0;11;92;10;3;0;58;8;NR
NO;NO;NO;0;14;103;13;4;0;60;15;NR
NO;NO;NO;0;8;93;8;2;0;55;9;R
NO;NO;NO;0;8;93;8;2;0;54;8;R
NO;NO;NO;0;8;93;8;2;0;54;9;R
YES;NO;NO;0;17;142;16;1;1;81;20;R
YES;NO;NO;0;22;142;21;2;2;100;11;R
YES;NO;NO;0;12;118;11;4;1;76;12;NR
YES;NO;NO;0;15;119;14;3;3;59;30;NR
YES;NO;NO;0;16;142;15;8;2;88;22;R
YES;NO;NO;0;22;142;21;2;2;100;11;R
NO;NO;NO;0;15;136;14;2;0;91;17;NR
YES;NO;NO;0;17;129;16;1;2;88;13;R
YES;NO;NO;0;22;142;21;2;2;100;11;R
YES;NO;NO;0;22;142;21;2;2;100;11;R
YES;NO;NO;0;22;142;21;2;2;100;11;R
YES;NO;NO;0;22;142;21;2;2;100;11;R
YES;NO;NO;0;22;142;21;2;2;100;11;R
YES;NO;NO;0;22;142;21;2;2;100;11;R
YES;NO;NO;0;22;142;21;2;2;100;11;R
YES;NO;NO;0;22;142;21;2;2;100;11;R
YES;NO;NO;0;17;129;16;1;2;88;13;R
YES;NO;NO;0;22;142;21;2;2;100;11;R
NO;YES;NO;4;15;116;14;1;1;81;11;R
YES;NO;NO;0;14;130;13;1;2;85;14;NR
NO;NO;NO;0;9;84;8;2;0;56;9;R
NO;NO;NO;0;12;93;11;1;0;66;5;R
YES;NO;NO;0;22;142;21;2;2;100;11;R
NO;YES;NO;2;10;97;9;4;0;61;10;NR
YES;NO;NO;0;14;119;14;1;1;78;17;NR
YES;NO;NO;0;22;142;21;2;2;100;11;R
YES;NO;NO;0;16;142;15;8;2;88;22;R
YES;NO;NO;0;15;136;14;3;1;81;19;NR
NO;NO;NO;0;12;111;11;2;0;69;11;NR
YES;NO;NO;0;22;142;21;2;2;100;11;R
YES;NO;NO;0;22;142;21;2;2;100;11;R
YES;NO;NO;0;16;142;15;8;2;88;22;R
NO;YES;NO;22;20;140;19;2;1;99;12;R
YES;NO;NO;0;21;142;20;3;1;106;8;R
NO;NO;NO;0;7;63;7;1;0;41;7;NR
NO;NO;NO;0;17;139;17;2;0;99;11;NR
NO;NO;NO;0;9;83;8;1;0;47;10;R
NO;NO;NO;0;10;86;9;2;0;54;9;R
YES;NO;NO;0;14;128;14;3;1;70;27;R
YES;NO;NO;0;16;142;15;8;2;88;22;R
YES;NO;NO;0;11;96;10;1;1;65;10;NR
NO;YES;NO;1;12;109;12;3;0;60;22;R
YES;NO;NO;0;16;142;15;8;2;88;22;R
NO;YES;NO;6;14;139;13;8;1;90;20;R
NO;NO;NO;0;14;131;14;1;2;80;19;NR
YES;NO;NO;0;17;136;17;3;4;69;32;NR
NO;YES;NO;1;15;116;15;3;3;59;28;NR
NO;NO;NO;0;14;116;13;7;0;71;18;R
NO;NO;NO;0;12;81;11;1;0;51;6;R
NO;NO;NO;0;15;132;14;3;0;92;10;NR
NO;NO;NO;0;7;67;6;1;0;40;9;NR
YES;NO;NO;0;15;119;14;3;3;59;30;NR
NO;NO;NO;0;18;140;18;3;1;97;14;NR
NO;NO;NO;0;11;87;10;2;0;57;7;R
YES;NO;NO;0;18;142;17;1;2;87;21;NR
NO;NO;YES;0;12;110;11;2;4;72;17;R
YES;NO;NO;0;25;142;24;1;1;99;6;NR
YES;NO;NO;0;25;142;24;1;1;99;6;NR
NO;NO;NO;0;13;90;12;2;1;54;8;R
NO;NO;NO;0;20;136;19;1;0;88;11;NR
NO;NO;NO;0;17;136;16;1;0;92;10;NR
YES;NO;NO;0;17;142;16;1;1;81;20;R
YES;NO;NO;0;17;142;16;1;1;81;20;R
NO;NO;NO;0;15;97;14;2;0;67;6;R
NO;NO;NO;0;17;143;18;3;0;98;8;NR
NO;YES;NO;5;15;128;14;1;0;77;18;R
NO;NO;NO;0;5;55;4;1;0;34;10;NR
YES;NO;NO;0;23;142;22;0;1;107;6;R
NO;NO;NO;0;12;102;11;1;0;73;6;R
NO;NO;NO;0;9;82;8;1;0;43;15;R
NO;NO;NO;0;12;109;11;3;0;67;14;R
YES;NO;NO;0;13;146;12;1;1;83;17;R
NO;NO;NO;0;10;90;9;2;0;53;11;R
NO;NO;NO;0;11;93;10;1;0;54;15;R
NO;NO;NO;0;8;64;7;2;1;33;14;NR
NO;NO;NO;0;14;113;13;6;0;73;12;R
NO;NO;NO;0;15;136;14;2;0;81;22;NR
NO;NO;NO;0;13;138;13;6;0;91;13;R
NO;NO;NO;0;11;91;10;5;0;54;13;R
NO;NO;NO;0;14;116;13;2;0;76;11;NR
NO;NO;NO;0;15;99;14;1;0;67;8;R
YES;NO;NO;0;14;119;14;1;1;78;17;NR
YES;NO;NO;0;17;142;16;2;1;90;10;R
NO;NO;NO;0;14;106;13;1;0;77;8;R
NO;NO;NO;0;16;137;16;1;0;102;10;NR
YES;NO;NO;0;14;119;14;1;1;78;17;NR
YES;NO;NO;0;18;142;17;1;2;87;21;NR
NO;YES;NO;6;12;103;12;1;0;71;12;NR
NO;NO;NO;0;16;136;15;2;0;95;15;NR
NO;NO;NO;0;17;136;16;2;0;93;16;NR
NO;NO;NO;0;18;136;17;2;0;95;13;R
NO;NO;NO;0;17;136;16;1;0;94;10;NR
YES;NO;NO;0;18;137;21;3;1;87;14;NR
NO;NO;NO;0;20;140;21;2;3;96;8;R
NO;NO;YES;0;19;139;20;1;2;87;19;R
NO;NO;NO;0;16;122;15;1;1;86;12;R
NO;NO;NO;0;17;140;17;4;2;90;18;R
NO;YES;NO;1;16;122;19;3;0;81;9;NR
NO;NO;NO;0;14;140;14;2;0;91;11;R
NO;NO;NO;0;14;136;13;2;0;101;11;NR
YES;NO;NO;0;15;119;14;3;3;59;30;NR
YES;NO;NO;0;14;118;13;2;1;81;13;NR
NO;NO;NO;0;17;139;16;12;1;79;26;NR
NO;NO;NO;0;14;115;13;2;0;77;12;NR
NO;NO;NO;0;15;131;16;2;0;79;22;R
